body,task,disturbance,seed,controller,success,workflow_completed,stage_pass_rate,final_relation_error,final_object_error,final_object_speed,deadline_steps,steps_used,recoveries,localized_failure,exception_type,contract_hash,min_joint_limit_margin,final_min_jacobian_singular_value,energy,reflex_steps,predictive_checks,predictive_rejections,predictive_accepts,push_stage_reached,push_stage_sensed_stable,observer_checks,observer_rejections,observer_accepts,push_steps,push_torque_saturation_fraction,push_contact_fraction,push_contact_losses,push_progress,push_mean_tangent_force,push_min_jacobian_singular_value,push_min_joint_limit_margin,capacity_limit_active_steps,capacity_limit_binding_steps,contact_approach_steps,contact_hold_steps,contact_loss_events,contact_completed_stages,contact_timeout_before_first_touch,contact_timeout_after_touch,capacity_approach_binding_steps,capacity_hold_binding_steps,contact_hold_control_steps,contact_normal_force_p25,contact_normal_force_p50,contact_dwell_steps_p50,contact_hold_entries,contact_hold_exits,contact_reference_hold_steps,local_proprioceptive_control_steps,transition_proposals,transition_confirmations,transition_expirations,condition,innovation_threshold,first_failed_stage,false_terminal_accept,joint_boundary_violation,estimate_accepts,estimate_rejects,estimate_reasons
arm5_reference,push_to_zone,severe,35001,capability_compiled,False,False,0.0,0.22884659024445048,0.22884659024445048,4.483320859604891e-06,720,135,0,True,stage_timeout,2ebd5a46a509772b,0.7930597770645558,0.28341984400701686,137.5357124223108,0,0,0,0,False,False,0,0,0,0,0.0,0.0,0,0.0,0.0,nan,nan,0,0,0,0,0,0,0,0,0,0,0,0.0,0.0,0.0,0,0,0,0,0,0,0,threshold_0.05,0.05,approach,False,False,1,134,"{""high_innovation"": 134}"
arm5_reference,push_to_zone,severe,35002,capability_compiled,False,False,0.0,0.23113098236915794,0.23113098236915794,2.689047024413105e-08,720,135,0,True,stage_timeout,2ebd5a46a509772b,0.8444602604896905,0.286676250298653,141.85475044676068,0,0,0,0,False,False,0,0,0,0,0.0,0.0,0,0.0,0.0,nan,nan,0,0,0,0,0,0,0,0,0,0,0,0.0,0.0,0.0,0,0,0,0,0,0,0,threshold_0.05,0.05,approach,False,False,1,134,"{""high_innovation"": 134}"
arm5_reference,push_to_zone,severe,35003,capability_compiled,False,False,0.0,0.2030916431705768,0.2030916431705768,0.12941693775499305,720,135,0,True,stage_timeout,2ebd5a46a509772b,0.811792060720192,0.28496688815425997,135.38731471658937,0,0,0,0,False,False,0,0,0,0,0.0,0.0,0,0.0,0.0,nan,nan,0,0,0,0,0,0,0,0,0,0,0,0.0,0.0,0.0,0,0,0,0,0,0,0,threshold_0.05,0.05,approach,False,False,1,134,"{""high_innovation"": 134}"
arm5_reference,push_to_zone,severe,35004,capability_compiled,False,False,0.0,0.20705595768656132,0.20705595768656132,0.14221503921002482,720,135,0,True,stage_timeout,2ebd5a46a509772b,0.8381980558202047,0.28281706203151724,137.34134488474896,0,0,0,0,False,False,0,0,0,0,0.0,0.0,0,0.0,0.0,nan,nan,0,0,0,0,0,0,0,0,0,0,0,0.0,0.0,0.0,0,0,0,0,0,0,0,threshold_0.05,0.05,approach,False,False,1,134,"{""high_innovation"": 134}"
arm5_reference,push_to_zone,severe,35005,capability_compiled,False,False,0.0,0.24675799397874842,0.24675799397874842,0.11684531892582771,720,135,0,True,stage_timeout,2ebd5a46a509772b,0.7735908562531355,0.2839994541975036,137.5196919927118,0,0,0,0,False,False,0,0,0,0,0.0,0.0,0,0.0,0.0,nan,nan,0,0,0,0,0,0,0,0,0,0,0,0.0,0.0,0.0,0,0,0,0,0,0,0,threshold_0.05,0.05,approach,False,False,1,134,"{""high_innovation"": 134}"
arm5_reference,push_to_zone,severe,35006,capability_compiled,False,False,0.0,0.27773415210017627,0.27773415210017627,3.782945142306233e-11,720,135,0,True,stage_timeout,2ebd5a46a509772b,0.889334106147051,0.28748624557892155,142.94343871442797,0,0,0,0,False,False,0,0,0,0,0.0,0.0,0,0.0,0.0,nan,nan,0,0,0,0,0,0,0,0,0,0,0,0.0,0.0,0.0,0,0,0,0,0,0,0,threshold_0.05,0.05,approach,False,False,1,134,"{""high_innovation"": 134}"
arm5_reference,push_to_zone,severe,35007,capability_compiled,False,False,0.0,0.23196701269544773,0.23196701269544773,3.536062135663751e-11,720,135,0,True,stage_timeout,2ebd5a46a509772b,0.7660068487992002,0.2836366832430992,135.22809515059325,0,0,0,0,False,False,0,0,0,0,0.0,0.0,0,0.0,0.0,nan,nan,0,0,0,0,0,0,0,0,0,0,0,0.0,0.0,0.0,0,0,0,0,0,0,0,threshold_0.05,0.05,approach,False,False,1,134,"{""high_innovation"": 134}"
arm5_reference,push_to_zone,severe,35008,capability_compiled,False,False,0.0,0.19352038588683823,0.19352038588683823,1.3271227872264519e-07,720,135,0,True,stage_timeout,2ebd5a46a509772b,0.754240295418303,0.28139078186888994,133.68575521220822,0,0,0,0,False,False,0,0,0,0,0.0,0.0,0,0.0,0.0,nan,nan,0,0,0,0,0,0,0,0,0,0,0,0.0,0.0,0.0,0,0,0,0,0,0,0,threshold_0.05,0.05,approach,False,False,1,134,"{""high_innovation"": 134}"
arm5_distal_heavy,push_to_zone,severe,35001,capability_compiled,False,False,0.3333333333333333,0.23183800062490514,0.23183800062490514,0.011284890353990206,720,243,0,True,stage_timeout,2ebd5a46a509772b,0.7914620731898752,0.2885294626078268,60.171124526810914,0,0,0,0,False,False,60,31,29,0,0.0,0.0,0,0.0,0.0,nan,nan,0,0,56,69,24,0,0,1,0,0,0,0.49886237505291914,0.995341223453497,2.0,0,0,0,0,0,0,0,threshold_0.05,0.05,contact,False,False,65,178,"{""high_innovation"": 178}"
arm5_distal_heavy,push_to_zone,severe,35002,capability_compiled,False,False,0.0,0.23867666799091786,0.23867666799091786,4.0167497729675614e-08,720,135,0,True,stage_timeout,2ebd5a46a509772b,0.8352480275584173,0.2806362875064106,78.79050341592439,0,0,0,0,False,False,1,1,0,0,0.0,0.0,0,0.0,0.0,nan,nan,0,0,0,0,0,0,0,0,0,0,0,0.0,0.0,0.0,0,0,0,0,0,0,0,threshold_0.05,0.05,approach,False,False,2,133,"{""high_innovation"": 133}"
arm5_distal_heavy,push_to_zone,severe,35003,capability_compiled,False,False,0.0,0.24489919150333156,0.24489919150333156,1.981921902270181e-11,720,135,0,True,stage_timeout,2ebd5a46a509772b,0.8251663093168617,0.28774408477833857,59.51746234859455,0,0,0,0,False,False,19,13,6,0,0.0,0.0,0,0.0,0.0,nan,nan,0,0,0,0,0,0,0,0,0,0,0,0.0,0.0,0.0,0,0,0,0,0,0,0,threshold_0.05,0.05,approach,False,False,13,122,"{""high_innovation"": 122}"
arm5_distal_heavy,push_to_zone,severe,35004,capability_compiled,False,False,0.3333333333333333,0.21744172035655157,0.21744172035655157,0.0032290226114753294,720,256,0,True,stage_timeout,2ebd5a46a509772b,0.8888636819809532,0.29439188833580654,66.9117909652905,0,0,0,0,False,False,88,21,67,0,0.0,0.0,0,0.0,0.0,nan,nan,0,0,44,81,13,0,0,1,0,0,0,0.5049158399171996,1.0033507693555395,5.0,0,0,0,0,0,0,0,threshold_0.05,0.05,contact,False,False,41,215,"{""high_innovation"": 215}"
arm5_distal_heavy,push_to_zone,severe,35005,capability_compiled,False,False,0.0,0.24589478889561484,0.24589478889561484,1.625775874056863e-08,720,135,0,True,stage_timeout,2ebd5a46a509772b,0.7601062216007262,0.28006391355835397,61.40772998866566,0,0,0,0,False,False,25,16,9,0,0.0,0.0,0,0.0,0.0,nan,nan,0,0,0,0,0,0,0,0,0,0,0,0.0,0.0,0.0,0,0,0,0,0,0,0,threshold_0.05,0.05,approach,False,False,13,122,"{""high_innovation"": 122}"
arm5_distal_heavy,push_to_zone,severe,35006,capability_compiled,True,True,1.0,0.024705683919439846,0.024705683919439846,0.0021375176456757536,720,720,0,False,,2ebd5a46a509772b,0.9708325944785983,0.26000854343463997,69.34092810789835,0,0,0,0,True,True,66,22,44,321,0.0,0.8317757009345794,39,0.1982693572284638,0.8155788082448656,0.2620392367773882,0.9196906536442848,0,0,44,71,18,1,0,0,0,0,0,0.4640880155755864,0.8400116664158526,3.0,0,0,0,0,0,0,0,threshold_0.05,0.05,,False,False,132,588,"{""high_innovation"": 588}"
arm5_distal_heavy,push_to_zone,severe,35007,capability_compiled,False,False,0.6666666666666666,0.0230472692431162,0.0230472692431162,0.30229419191534396,720,552,0,True,stage_timeout,2ebd5a46a509772b,0.806250778120206,0.2550366380183384,65.03120837498201,0,0,0,0,True,False,53,14,39,330,0.0,0.8606060606060606,35,0.2215957194401463,0.7911176763788128,0.25560779248541154,0.8081497876145347,0,0,45,75,18,1,0,0,0,0,0,0.5542201354178689,1.064350635924662,4.0,0,0,0,0,0,0,0,threshold_0.05,0.05,push,False,False,95,457,"{""high_innovation"": 457}"
arm5_distal_heavy,push_to_zone,severe,35008,capability_compiled,True,True,1.0,0.00522332343125813,0.00522332343125813,0.0004807152833574594,720,720,0,False,,2ebd5a46a509772b,0.8422484864009858,0.25315590157033596,66.80583348582051,0,0,0,0,True,True,55,19,36,319,0.0,0.8150470219435737,36,0.2192565149072565,0.7932191288221985,0.2523223651665023,0.789776551987249,0,0,48,64,17,1,0,0,0,0,0,0.5410816323362889,0.9893614683216607,3.0,0,0,0,0,0,0,0,threshold_0.05,0.05,,False,False,146,574,"{""high_innovation"": 574}"
arm5_weak_actuator,push_to_zone,severe,35001,capability_compiled,False,False,0.0,0.19890415978031717,0.19890415978031717,8.817227002764177e-08,720,135,0,True,stage_timeout,2ebd5a46a509772b,0.4989090761055115,0.2347322675276385,155.62783356797738,0,0,0,0,False,False,0,0,0,0,0.0,0.0,0,0.0,0.0,nan,nan,0,0,0,0,0,0,0,0,0,0,0,0.0,0.0,0.0,0,0,0,0,0,0,0,threshold_0.05,0.05,approach,False,False,1,134,"{""high_innovation"": 134}"
arm5_weak_actuator,push_to_zone,severe,35002,capability_compiled,False,False,0.0,0.1979731270443295,0.1979731270443295,5.0768914426856134e-11,720,135,0,True,stage_timeout,2ebd5a46a509772b,0.5216140466049954,0.23652836902858865,154.90367556384052,0,0,0,0,False,False,0,0,0,0,0.0,0.0,0,0.0,0.0,nan,nan,0,0,0,0,0,0,0,0,0,0,0,0.0,0.0,0.0,0,0,0,0,0,0,0,threshold_0.05,0.05,approach,False,False,1,134,"{""high_innovation"": 134}"
arm5_weak_actuator,push_to_zone,severe,35003,capability_compiled,False,False,0.0,0.2125332277733928,0.2125332277733928,3.700639562625041e-08,720,135,0,True,stage_timeout,2ebd5a46a509772b,0.5220144538953804,0.23883952898324445,150.97083402328943,0,0,0,0,False,False,0,0,0,0,0.0,0.0,0,0.0,0.0,nan,nan,0,0,0,0,0,0,0,0,0,0,0,0.0,0.0,0.0,0,0,0,0,0,0,0,threshold_0.05,0.05,approach,False,False,1,134,"{""high_innovation"": 134}"
arm5_weak_actuator,push_to_zone,severe,35004,capability_compiled,False,False,0.0,0.19505250449537787,0.19505250449537787,6.51914247860667e-11,720,135,0,True,stage_timeout,2ebd5a46a509772b,0.528001721971727,0.2389574707989823,150.04986541287383,0,0,0,0,False,False,0,0,0,0,0.0,0.0,0,0.0,0.0,nan,nan,0,0,0,0,0,0,0,0,0,0,0,0.0,0.0,0.0,0,0,0,0,0,0,0,threshold_0.05,0.05,approach,False,False,1,134,"{""high_innovation"": 134}"
arm5_weak_actuator,push_to_zone,severe,35005,capability_compiled,False,False,0.0,0.23164665309815247,0.23164665309815247,7.756640021131338e-08,720,135,0,True,stage_timeout,2ebd5a46a509772b,0.442786766701289,0.22671403611104138,156.16891635150498,0,0,0,0,False,False,0,0,0,0,0.0,0.0,0,0.0,0.0,nan,nan,0,0,0,0,0,0,0,0,0,0,0,0.0,0.0,0.0,0,0,0,0,0,0,0,threshold_0.05,0.05,approach,False,False,1,134,"{""high_innovation"": 134}"
arm5_weak_actuator,push_to_zone,severe,35006,capability_compiled,False,False,0.0,0.1773616601152093,0.1773616601152093,7.020657673743389e-11,720,135,0,True,stage_timeout,2ebd5a46a509772b,0.5595106508816317,0.23905712272073562,155.0296772853354,0,0,0,0,False,False,0,0,0,0,0.0,0.0,0,0.0,0.0,nan,nan,0,0,0,0,0,0,0,0,0,0,0,0.0,0.0,0.0,0,0,0,0,0,0,0,threshold_0.05,0.05,approach,False,False,2,133,"{""high_innovation"": 133}"
arm5_weak_actuator,push_to_zone,severe,35007,capability_compiled,False,False,0.0,0.20795979789340555,0.20795979789340555,5.070876376490033e-08,720,135,0,True,stage_timeout,2ebd5a46a509772b,0.5115595406531126,0.23917146069373346,149.81905668870004,0,0,0,0,False,False,0,0,0,0,0.0,0.0,0,0.0,0.0,nan,nan,0,0,0,0,0,0,0,0,0,0,0,0.0,0.0,0.0,0,0,0,0,0,0,0,threshold_0.05,0.05,approach,False,False,1,134,"{""high_innovation"": 134}"
arm5_weak_actuator,push_to_zone,severe,35008,capability_compiled,False,False,0.0,0.2040868454353329,0.2040868454353329,3.006314373904444e-08,720,135,0,True,stage_timeout,2ebd5a46a509772b,0.47345576651322796,0.23479956963619472,152.4911941468752,0,0,0,0,False,False,0,0,0,0,0.0,0.0,0,0.0,0.0,nan,nan,0,0,0,0,0,0,0,0,0,0,0,0.0,0.0,0.0,0,0,0,0,0,0,0,threshold_0.05,0.05,approach,False,False,1,134,"{""high_innovation"": 134}"
arm5_posture_shifted,push_to_zone,severe,35001,capability_compiled,False,False,0.0,0.23851722339401796,0.23851722339401796,0.14795942801927567,720,135,0,True,stage_timeout,2ebd5a46a509772b,0.7529459289206293,0.2834419330077881,149.46807570906756,0,0,0,0,False,False,0,0,0,0,0.0,0.0,0,0.0,0.0,nan,nan,0,0,0,0,0,0,0,0,0,0,0,0.0,0.0,0.0,0,0,0,0,0,0,0,threshold_0.05,0.05,approach,False,False,1,134,"{""high_innovation"": 134}"
arm5_posture_shifted,push_to_zone,severe,35002,capability_compiled,False,False,0.0,0.6095822883501746,0.6095822883501746,0.5881161535102963,720,135,0,True,stage_timeout,2ebd5a46a509772b,0.7745404043780466,0.28398280294338224,151.27112982706055,0,0,0,0,False,False,0,0,0,0,0.0,0.0,0,0.0,0.0,nan,nan,0,0,0,0,0,0,0,0,0,0,0,0.0,0.0,0.0,0,0,0,0,0,0,0,threshold_0.05,0.05,approach,False,False,1,134,"{""high_innovation"": 134}"
arm5_posture_shifted,push_to_zone,severe,35003,capability_compiled,False,False,0.0,0.261068064339383,0.261068064339383,6.555676283395703e-08,720,135,0,True,stage_timeout,2ebd5a46a509772b,0.7707266894901679,0.2847665453766405,146.48662813813897,0,0,0,0,False,False,0,0,0,0,0.0,0.0,0,0.0,0.0,nan,nan,0,0,0,0,0,0,0,0,0,0,0,0.0,0.0,0.0,0,0,0,0,0,0,0,threshold_0.05,0.05,approach,False,False,1,134,"{""high_innovation"": 134}"
arm5_posture_shifted,push_to_zone,severe,35004,capability_compiled,False,False,0.0,0.4820798956115313,0.4820798956115313,0.29274729714004016,720,135,0,True,stage_timeout,2ebd5a46a509772b,0.771010938971997,0.28039380808342745,144.75887719453792,0,0,0,0,False,False,0,0,0,0,0.0,0.0,0,0.0,0.0,nan,nan,0,0,0,0,0,0,0,0,0,0,0,0.0,0.0,0.0,0,0,0,0,0,0,0,threshold_0.05,0.05,approach,False,False,1,134,"{""high_innovation"": 134}"
arm5_posture_shifted,push_to_zone,severe,35005,capability_compiled,False,False,0.0,0.27898437192585784,0.27898437192585784,4.738405008170406e-11,720,135,0,True,stage_timeout,2ebd5a46a509772b,0.7315530769967249,0.2831926869901148,149.6976053533876,0,0,0,0,False,False,0,0,0,0,0.0,0.0,0,0.0,0.0,nan,nan,0,0,0,0,0,0,0,0,0,0,0,0.0,0.0,0.0,0,0,0,0,0,0,0,threshold_0.05,0.05,approach,False,False,1,134,"{""high_innovation"": 134}"
arm5_posture_shifted,push_to_zone,severe,35006,capability_compiled,False,False,0.0,0.3329287593413686,0.3329287593413686,0.44338898406054145,720,135,0,True,stage_timeout,2ebd5a46a509772b,0.8231887408239764,0.2860111983117798,152.97967093536676,0,0,0,0,False,False,0,0,0,0,0.0,0.0,0,0.0,0.0,nan,nan,0,0,0,0,0,0,0,0,0,0,0,0.0,0.0,0.0,0,0,0,0,0,0,0,threshold_0.05,0.05,approach,False,False,1,134,"{""high_innovation"": 134}"
arm5_posture_shifted,push_to_zone,severe,35007,capability_compiled,False,False,0.0,0.2769550163740597,0.2769550163740597,0.12502188330884828,720,135,0,True,stage_timeout,2ebd5a46a509772b,0.7310383121212736,0.2833807331872406,147.42729195324793,0,0,0,0,False,False,0,0,0,0,0.0,0.0,0,0.0,0.0,nan,nan,0,0,0,0,0,0,0,0,0,0,0,0.0,0.0,0.0,0,0,0,0,0,0,0,threshold_0.05,0.05,approach,False,False,1,134,"{""high_innovation"": 134}"
arm5_posture_shifted,push_to_zone,severe,35008,capability_compiled,False,False,0.0,0.4352784737700982,0.4352784737700982,0.3918508099156673,720,135,0,True,stage_timeout,2ebd5a46a509772b,0.7193631104600011,0.2822582998541074,146.0490375262704,0,0,0,0,False,False,0,0,0,0,0.0,0.0,0,0.0,0.0,nan,nan,0,0,0,0,0,0,0,0,0,0,0,0.0,0.0,0.0,0,0,0,0,0,0,0,threshold_0.05,0.05,approach,False,False,1,134,"{""high_innovation"": 134}"
arm5_reference,push_to_zone,severe,35001,capability_compiled,False,False,0.0,0.22884659024445048,0.22884659024445048,4.483320859604891e-06,720,135,0,True,stage_timeout,2ebd5a46a509772b,0.7930597770645558,0.28341984400701686,137.5357124223108,0,0,0,0,False,False,0,0,0,0,0.0,0.0,0,0.0,0.0,nan,nan,0,0,0,0,0,0,0,0,0,0,0,0.0,0.0,0.0,0,0,0,0,0,0,0,threshold_0.1,0.1,approach,False,False,1,134,"{""high_innovation"": 134}"
arm5_reference,push_to_zone,severe,35002,capability_compiled,False,False,0.0,0.23113098236915794,0.23113098236915794,2.689047024413105e-08,720,135,0,True,stage_timeout,2ebd5a46a509772b,0.8444602604896905,0.286676250298653,141.85475044676068,0,0,0,0,False,False,0,0,0,0,0.0,0.0,0,0.0,0.0,nan,nan,0,0,0,0,0,0,0,0,0,0,0,0.0,0.0,0.0,0,0,0,0,0,0,0,threshold_0.1,0.1,approach,False,False,1,134,"{""high_innovation"": 134}"
arm5_reference,push_to_zone,severe,35003,capability_compiled,False,False,0.0,0.2030916431705768,0.2030916431705768,0.12941693775499305,720,135,0,True,stage_timeout,2ebd5a46a509772b,0.811792060720192,0.28496688815425997,135.38731471658937,0,0,0,0,False,False,0,0,0,0,0.0,0.0,0,0.0,0.0,nan,nan,0,0,0,0,0,0,0,0,0,0,0,0.0,0.0,0.0,0,0,0,0,0,0,0,threshold_0.1,0.1,approach,False,False,1,134,"{""high_innovation"": 134}"
arm5_reference,push_to_zone,severe,35004,capability_compiled,False,False,0.0,0.20705595768656132,0.20705595768656132,0.14221503921002482,720,135,0,True,stage_timeout,2ebd5a46a509772b,0.8381980558202047,0.28281706203151724,137.34134488474896,0,0,0,0,False,False,0,0,0,0,0.0,0.0,0,0.0,0.0,nan,nan,0,0,0,0,0,0,0,0,0,0,0,0.0,0.0,0.0,0,0,0,0,0,0,0,threshold_0.1,0.1,approach,False,False,1,134,"{""high_innovation"": 134}"
arm5_reference,push_to_zone,severe,35005,capability_compiled,False,False,0.0,0.24675799397874842,0.24675799397874842,0.11684531892582771,720,135,0,True,stage_timeout,2ebd5a46a509772b,0.7735908562531355,0.2839994541975036,137.5196919927118,0,0,0,0,False,False,0,0,0,0,0.0,0.0,0,0.0,0.0,nan,nan,0,0,0,0,0,0,0,0,0,0,0,0.0,0.0,0.0,0,0,0,0,0,0,0,threshold_0.1,0.1,approach,False,False,1,134,"{""high_innovation"": 134}"
arm5_reference,push_to_zone,severe,35006,capability_compiled,False,False,0.0,0.27773415210017627,0.27773415210017627,3.782945142306233e-11,720,135,0,True,stage_timeout,2ebd5a46a509772b,0.889334106147051,0.28748624557892155,142.94343871442797,0,0,0,0,False,False,0,0,0,0,0.0,0.0,0,0.0,0.0,nan,nan,0,0,0,0,0,0,0,0,0,0,0,0.0,0.0,0.0,0,0,0,0,0,0,0,threshold_0.1,0.1,approach,False,False,1,134,"{""high_innovation"": 134}"
arm5_reference,push_to_zone,severe,35007,capability_compiled,False,False,0.0,0.23196701269544773,0.23196701269544773,3.536062135663751e-11,720,135,0,True,stage_timeout,2ebd5a46a509772b,0.7660068487992002,0.2836366832430992,135.22809515059325,0,0,0,0,False,False,0,0,0,0,0.0,0.0,0,0.0,0.0,nan,nan,0,0,0,0,0,0,0,0,0,0,0,0.0,0.0,0.0,0,0,0,0,0,0,0,threshold_0.1,0.1,approach,False,False,1,134,"{""high_innovation"": 134}"
arm5_reference,push_to_zone,severe,35008,capability_compiled,False,False,0.0,0.22503994733030264,0.22503994733030264,2.4936840521431476e-11,720,135,0,True,stage_timeout,2ebd5a46a509772b,0.7550657481193399,0.28288226428400876,132.45932237785587,0,0,0,0,False,False,0,0,0,0,0.0,0.0,0,0.0,0.0,nan,nan,0,0,0,0,0,0,0,0,0,0,0,0.0,0.0,0.0,0,0,0,0,0,0,0,threshold_0.1,0.1,approach,False,False,2,133,"{""high_innovation"": 133}"
arm5_distal_heavy,push_to_zone,severe,35001,capability_compiled,False,False,0.3333333333333333,0.21802691409631614,0.21802691409631614,0.0020123493524511473,720,225,0,True,stage_timeout,2ebd5a46a509772b,0.8092341294812258,0.28983529004139785,54.10627757550934,0,0,0,0,False,False,41,22,19,0,0.0,0.0,0,0.0,0.0,nan,nan,0,0,64,61,22,0,0,1,0,0,0,0.39133524568790357,0.7875855314395159,2.0,0,0,0,0,0,0,0,threshold_0.1,0.1,contact,False,False,141,84,"{""high_innovation"": 84}"
arm5_distal_heavy,push_to_zone,severe,35002,capability_compiled,False,False,0.6666666666666666,0.12540685648903518,0.12540685648903518,0.04168055855900748,720,551,0,True,stage_timeout,2ebd5a46a509772b,0.8912449083075549,0.2785682814441671,66.11786473295636,0,0,0,0,True,False,45,12,33,330,0.0,0.9,29,0.09989715194421903,0.508471103668689,0.27868104286745166,0.8671458202589037,0,0,53,68,17,1,0,0,0,0,0,0.42108102643098744,0.7157229452044365,3.0,0,0,0,0,0,0,0,threshold_0.1,0.1,push,False,False,325,226,"{""high_innovation"": 226}"
arm5_distal_heavy,push_to_zone,severe,35003,capability_compiled,False,False,0.3333333333333333,0.2339708017531648,0.2339708017531648,0.004103562877371409,720,229,0,True,stage_timeout,2ebd5a46a509772b,0.8755781074621176,0.29699640452817333,58.898440686133284,0,0,0,0,False,False,45,15,30,0,0.0,0.0,0,0.0,0.0,nan,nan,0,0,51,74,21,0,0,1,0,0,0,0.4088308616332583,0.7799308076679297,3.0,0,0,0,0,0,0,0,threshold_0.1,0.1,contact,False,False,157,72,"{""high_innovation"": 72}"
arm5_distal_heavy,push_to_zone,severe,35004,capability_compiled,False,False,0.6666666666666666,0.12663388787425806,0.12663388787425806,0.053350223864429676,720,548,0,True,stage_timeout,2ebd5a46a509772b,0.9210125035340126,0.2806811761711465,64.56046209221965,0,0,0,0,True,False,54,14,40,330,0.0,0.8939393939393939,25,0.0985672184254642,0.5155959413447734,0.280799628390794,0.9216718492841423,0,0,41,76,18,1,0,0,0,0,0,0.4341428691911724,0.8406015701822098,3.0,0,0,0,0,0,0,0,threshold_0.1,0.1,push,False,False,320,228,"{""high_innovation"": 228}"
arm5_distal_heavy,push_to_zone,severe,35005,capability_compiled,False,False,0.3333333333333333,0.23378774263358737,0.23378774263358737,0.0005725356321600898,720,225,0,True,stage_timeout,2ebd5a46a509772b,0.8233564595130125,0.29263858977663426,60.72960325783345,0,0,0,0,False,False,39,10,29,0,0.0,0.0,0,0.0,0.0,nan,nan,0,0,57,68,24,0,0,1,0,0,0,0.3557468392337053,0.847095287229913,3.0,0,0,0,0,0,0,0,threshold_0.1,0.1,contact,False,False,137,88,"{""high_innovation"": 88}"
arm5_distal_heavy,push_to_zone,severe,35006,capability_compiled,False,False,0.3333333333333333,0.22334371014088467,0.22334371014088467,0.0034931388339261523,720,227,0,True,stage_timeout,2ebd5a46a509772b,0.9367255714556844,0.3009826291463093,63.38027015912799,0,0,0,0,False,False,47,16,31,0,0.0,0.0,0,0.0,0.0,nan,nan,0,0,59,66,20,0,0,1,0,0,0,0.3712659744369152,0.6726449156142115,2.0,0,0,0,0,0,0,0,threshold_0.1,0.1,contact,False,False,136,91,"{""high_innovation"": 91}"
arm5_distal_heavy,push_to_zone,severe,35007,capability_compiled,False,False,0.6666666666666666,0.13269134747705721,0.13269134747705721,0.02376797622493738,720,542,0,True,stage_timeout,2ebd5a46a509772b,0.7703708513509757,0.2702409167014815,53.99856073353973,0,0,0,0,True,False,47,16,31,330,0.0,0.9515151515151515,15,0.0735304764716952,0.4566605960305993,0.27032508938812994,0.7706841286226318,0,0,43,66,17,1,0,0,0,0,0,0.4430809662612053,0.7406862139703594,2.0,0,0,0,0,0,0,0,threshold_0.1,0.1,push,False,False,308,234,"{""high_innovation"": 234}"
arm5_distal_heavy,push_to_zone,severe,35008,capability_compiled,False,False,0.3333333333333333,0.2322748340875857,0.2322748340875857,0.0023190255027933145,720,227,0,True,stage_timeout,2ebd5a46a509772b,0.7904209604346706,0.29127705127913234,58.8502681126545,0,0,0,0,False,False,40,20,20,0,0.0,0.0,0,0.0,0.0,nan,nan,0,0,58,67,23,0,0,1,0,0,0,0.4528597474318775,1.1257455562025898,3.0,0,0,0,0,0,0,0,threshold_0.1,0.1,contact,False,False,135,92,"{""high_innovation"": 92}"
arm5_weak_actuator,push_to_zone,severe,35001,capability_compiled,False,False,0.0,0.2046139690282094,0.2046139690282094,1.566897958243133e-08,720,135,0,True,stage_timeout,2ebd5a46a509772b,0.4884405326366186,0.23403496197542045,151.41333779304247,0,0,0,0,False,False,0,0,0,0,0.0,0.0,0,0.0,0.0,nan,nan,0,0,0,0,0,0,0,0,0,0,0,0.0,0.0,0.0,0,0,0,0,0,0,0,threshold_0.1,0.1,approach,False,False,4,131,"{""high_innovation"": 131}"
arm5_weak_actuator,push_to_zone,severe,35002,capability_compiled,False,False,0.0,0.19295858349852132,0.19295858349852132,9.107618277144676e-08,720,135,0,True,stage_timeout,2ebd5a46a509772b,0.47192864447885796,0.23494468404852825,139.40426589148785,0,0,0,0,False,False,0,0,0,0,0.0,0.0,0,0.0,0.0,nan,nan,0,0,0,0,0,0,0,0,0,0,0,0.0,0.0,0.0,0,0,0,0,0,0,0,threshold_0.1,0.1,approach,False,False,12,123,"{""high_innovation"": 123}"
arm5_weak_actuator,push_to_zone,severe,35003,capability_compiled,False,False,0.0,0.1828614563925447,0.1828614563925447,5.5423841406061426e-11,720,135,0,True,stage_timeout,2ebd5a46a509772b,0.479486097440458,0.2371840480161835,129.4994130473175,0,0,0,0,False,False,0,0,0,0,0.0,0.0,0,0.0,0.0,nan,nan,0,0,0,0,0,0,0,0,0,0,0,0.0,0.0,0.0,0,0,0,0,0,0,0,threshold_0.1,0.1,approach,False,False,11,124,"{""high_innovation"": 124}"
arm5_weak_actuator,push_to_zone,severe,35004,capability_compiled,False,False,0.0,0.17138557505105695,0.17138557505105695,3.3123298501420597e-07,720,135,0,True,stage_timeout,2ebd5a46a509772b,0.45751032746848175,0.2375147885655847,120.57027123635415,0,0,0,0,False,False,2,2,0,0,0.0,0.0,0,0.0,0.0,nan,nan,0,0,0,0,0,0,0,0,0,0,0,0.0,0.0,0.0,0,0,0,0,0,0,0,threshold_0.1,0.1,approach,False,False,14,121,"{""high_innovation"": 121}"
arm5_weak_actuator,push_to_zone,severe,35005,capability_compiled,False,False,0.0,0.2109802929873474,0.2109802929873474,4.4514890086205015e-08,720,135,0,True,stage_timeout,2ebd5a46a509772b,0.3982185119883077,0.22488067131047965,143.6636169989402,0,0,0,0,False,False,0,0,0,0,0.0,0.0,0,0.0,0.0,nan,nan,0,0,0,0,0,0,0,0,0,0,0,0.0,0.0,0.0,0,0,0,0,0,0,0,threshold_0.1,0.1,approach,False,False,8,127,"{""high_innovation"": 127}"
arm5_weak_actuator,push_to_zone,severe,35006,capability_compiled,False,False,0.0,0.1848662090710689,0.1848662090710689,3.936596447034993e-11,720,135,0,True,stage_timeout,2ebd5a46a509772b,0.5377638779541893,0.23887061098112067,150.73228142722303,0,0,0,0,False,False,0,0,0,0,0.0,0.0,0,0.0,0.0,nan,nan,0,0,0,0,0,0,0,0,0,0,0,0.0,0.0,0.0,0,0,0,0,0,0,0,threshold_0.1,0.1,approach,False,False,5,130,"{""high_innovation"": 130}"
arm5_weak_actuator,push_to_zone,severe,35007,capability_compiled,False,False,0.0,0.21322029364409856,0.21322029364409856,4.068103391855976e-08,720,135,0,True,stage_timeout,2ebd5a46a509772b,0.4755386972172304,0.24048803345502903,133.23953432662427,0,0,0,0,False,False,0,0,0,0,0.0,0.0,0,0.0,0.0,nan,nan,0,0,0,0,0,0,0,0,0,0,0,0.0,0.0,0.0,0,0,0,0,0,0,0,threshold_0.1,0.1,approach,False,False,11,124,"{""high_innovation"": 124}"
arm5_weak_actuator,push_to_zone,severe,35008,capability_compiled,False,False,0.0,0.20408684542282593,0.20408684542282593,3.459764784652623e-08,720,135,0,True,stage_timeout,2ebd5a46a509772b,0.37915104183040604,0.22796017507273497,122.77566780605287,0,0,0,0,False,False,7,5,2,0,0.0,0.0,0,0.0,0.0,nan,nan,0,0,0,0,0,0,0,0,0,0,0,0.0,0.0,0.0,0,0,0,0,0,0,0,threshold_0.1,0.1,approach,False,False,17,118,"{""high_innovation"": 118}"
arm5_posture_shifted,push_to_zone,severe,35001,capability_compiled,False,False,0.0,0.23851722339401796,0.23851722339401796,0.14795942801927567,720,135,0,True,stage_timeout,2ebd5a46a509772b,0.7529459289206293,0.2834419330077881,149.46807570906756,0,0,0,0,False,False,0,0,0,0,0.0,0.0,0,0.0,0.0,nan,nan,0,0,0,0,0,0,0,0,0,0,0,0.0,0.0,0.0,0,0,0,0,0,0,0,threshold_0.1,0.1,approach,False,False,1,134,"{""high_innovation"": 134}"
arm5_posture_shifted,push_to_zone,severe,35002,capability_compiled,False,False,0.0,0.2022288116153422,0.2022288116153422,0.1462854442818554,720,135,0,True,stage_timeout,2ebd5a46a509772b,0.7765897934885522,0.2852964743372248,151.4873186247566,0,0,0,0,False,False,0,0,0,0,0.0,0.0,0,0.0,0.0,nan,nan,0,0,0,0,0,0,0,0,0,0,0,0.0,0.0,0.0,0,0,0,0,0,0,0,threshold_0.1,0.1,approach,False,False,2,133,"{""high_innovation"": 133}"
arm5_posture_shifted,push_to_zone,severe,35003,capability_compiled,False,False,0.0,0.261068064339383,0.261068064339383,6.555676283395703e-08,720,135,0,True,stage_timeout,2ebd5a46a509772b,0.7707266894901679,0.2847665453766405,146.48662813813897,0,0,0,0,False,False,0,0,0,0,0.0,0.0,0,0.0,0.0,nan,nan,0,0,0,0,0,0,0,0,0,0,0,0.0,0.0,0.0,0,0,0,0,0,0,0,threshold_0.1,0.1,approach,False,False,1,134,"{""high_innovation"": 134}"
arm5_posture_shifted,push_to_zone,severe,35004,capability_compiled,False,False,0.0,0.4820798956115313,0.4820798956115313,0.29274729714004016,720,135,0,True,stage_timeout,2ebd5a46a509772b,0.771010938971997,0.28039380808342745,144.75887719453792,0,0,0,0,False,False,0,0,0,0,0.0,0.0,0,0.0,0.0,nan,nan,0,0,0,0,0,0,0,0,0,0,0,0.0,0.0,0.0,0,0,0,0,0,0,0,threshold_0.1,0.1,approach,False,False,1,134,"{""high_innovation"": 134}"
arm5_posture_shifted,push_to_zone,severe,35005,capability_compiled,False,False,0.0,0.27898437192585784,0.27898437192585784,4.738405008170406e-11,720,135,0,True,stage_timeout,2ebd5a46a509772b,0.7315530769967249,0.2831926869901148,149.6976053533876,0,0,0,0,False,False,0,0,0,0,0.0,0.0,0,0.0,0.0,nan,nan,0,0,0,0,0,0,0,0,0,0,0,0.0,0.0,0.0,0,0,0,0,0,0,0,threshold_0.1,0.1,approach,False,False,1,134,"{""high_innovation"": 134}"
arm5_posture_shifted,push_to_zone,severe,35006,capability_compiled,False,False,0.0,0.3329287593413686,0.3329287593413686,0.44338898406054145,720,135,0,True,stage_timeout,2ebd5a46a509772b,0.8231887408239764,0.2860111983117798,152.97967093536676,0,0,0,0,False,False,0,0,0,0,0.0,0.0,0,0.0,0.0,nan,nan,0,0,0,0,0,0,0,0,0,0,0,0.0,0.0,0.0,0,0,0,0,0,0,0,threshold_0.1,0.1,approach,False,False,1,134,"{""high_innovation"": 134}"
arm5_posture_shifted,push_to_zone,severe,35007,capability_compiled,False,False,0.0,0.2769550163740597,0.2769550163740597,0.12502188330884828,720,135,0,True,stage_timeout,2ebd5a46a509772b,0.7310383121212736,0.2833807331872406,147.42729195324793,0,0,0,0,False,False,0,0,0,0,0.0,0.0,0,0.0,0.0,nan,nan,0,0,0,0,0,0,0,0,0,0,0,0.0,0.0,0.0,0,0,0,0,0,0,0,threshold_0.1,0.1,approach,False,False,1,134,"{""high_innovation"": 134}"
arm5_posture_shifted,push_to_zone,severe,35008,capability_compiled,False,False,0.0,0.4352784737700982,0.4352784737700982,0.3918508099156673,720,135,0,True,stage_timeout,2ebd5a46a509772b,0.7193631104600011,0.2822582998541074,146.0490375262704,0,0,0,0,False,False,0,0,0,0,0.0,0.0,0,0.0,0.0,nan,nan,0,0,0,0,0,0,0,0,0,0,0,0.0,0.0,0.0,0,0,0,0,0,0,0,threshold_0.1,0.1,approach,False,False,1,134,"{""high_innovation"": 134}"
arm5_reference,push_to_zone,severe,35001,capability_compiled,False,False,0.0,0.3077200904300269,0.3077200904300269,3.613500608569946e-08,720,135,0,True,stage_timeout,2ebd5a46a509772b,0.7862265340644314,0.2855090391615398,120.59948060824239,0,0,0,0,False,False,0,0,0,0,0.0,0.0,0,0.0,0.0,nan,nan,0,0,0,0,0,0,0,0,0,0,0,0.0,0.0,0.0,0,0,0,0,0,0,0,threshold_0.2,0.2,approach,False,False,19,116,"{""high_innovation"": 116}"
arm5_reference,push_to_zone,severe,35002,capability_compiled,False,False,0.0,0.1699999999999999,0.1699999999999999,1.532851764572369e-17,720,135,0,True,stage_timeout,2ebd5a46a509772b,0.8602036454381019,0.2923540541972136,134.81130043856658,0,0,0,0,False,False,0,0,0,0,0.0,0.0,0,0.0,0.0,nan,nan,0,0,0,0,0,0,0,0,0,0,0,0.0,0.0,0.0,0,0,0,0,0,0,0,threshold_0.2,0.2,approach,False,False,13,122,"{""high_innovation"": 122}"
arm5_reference,push_to_zone,severe,35003,capability_compiled,False,False,0.0,0.2829486462282309,0.2829486462282309,0.09975573072810066,720,135,0,True,stage_timeout,2ebd5a46a509772b,0.7925813457852691,0.2838904542553419,124.87721317983738,0,0,0,0,False,False,0,0,0,0,0.0,0.0,0,0.0,0.0,nan,nan,0,0,0,0,0,0,0,0,0,0,0,0.0,0.0,0.0,0,0,0,0,0,0,0,threshold_0.2,0.2,approach,False,False,14,121,"{""high_innovation"": 121}"
arm5_reference,push_to_zone,severe,35004,capability_compiled,False,False,0.0,0.1699999999999999,0.1699999999999999,1.809442153111931e-17,720,135,0,True,stage_timeout,2ebd5a46a509772b,0.8518352480264377,0.2896109073931683,128.22881559710612,0,0,0,0,False,False,0,0,0,0,0.0,0.0,0,0.0,0.0,nan,nan,0,0,0,0,0,0,0,0,0,0,0,0.0,0.0,0.0,0,0,0,0,0,0,0,threshold_0.2,0.2,approach,False,False,12,123,"{""high_innovation"": 123}"
arm5_reference,push_to_zone,severe,35005,capability_compiled,False,False,0.0,0.3137381039204551,0.3137381039204551,0.09191039985109907,720,135,0,True,stage_timeout,2ebd5a46a509772b,0.8007788028704188,0.2881423665866897,125.21340522080013,0,0,0,0,False,False,0,0,0,0,0.0,0.0,0,0.0,0.0,nan,nan,0,0,0,0,0,0,0,0,0,0,0,0.0,0.0,0.0,0,0,0,0,0,0,0,threshold_0.2,0.2,approach,False,False,14,121,"{""high_innovation"": 121}"
arm5_reference,push_to_zone,severe,35006,capability_compiled,False,False,0.0,0.23998976376044878,0.23998976376044878,0.11104107142887708,720,135,0,True,stage_timeout,2ebd5a46a509772b,0.9186524943660581,0.2945656215538788,139.5113800492759,0,0,0,0,False,False,0,0,0,0,0.0,0.0,0,0.0,0.0,nan,nan,0,0,0,0,0,0,0,0,0,0,0,0.0,0.0,0.0,0,0,0,0,0,0,0,threshold_0.2,0.2,approach,False,False,7,128,"{""high_innovation"": 128}"
arm5_reference,push_to_zone,severe,35007,capability_compiled,False,False,0.0,0.27811420945842874,0.27811420945842874,0.09991116522174436,720,135,0,True,stage_timeout,2ebd5a46a509772b,0.7343861529248512,0.2794621859958828,126.1773348419568,0,0,0,0,False,False,0,0,0,0,0.0,0.0,0,0.0,0.0,nan,nan,0,0,0,0,0,0,0,0,0,0,0,0.0,0.0,0.0,0,0,0,0,0,0,0,threshold_0.2,0.2,approach,False,False,14,121,"{""high_innovation"": 121}"
arm5_reference,push_to_zone,severe,35008,capability_compiled,False,False,0.0,0.27868557143059813,0.27868557143059813,3.229361523032136e-10,720,135,0,True,stage_timeout,2ebd5a46a509772b,0.7918882638744513,0.28725705167707244,126.17398674553621,0,0,0,0,False,False,0,0,0,0,0.0,0.0,0,0.0,0.0,nan,nan,0,0,0,0,0,0,0,0,0,0,0,0.0,0.0,0.0,0,0,0,0,0,0,0,threshold_0.2,0.2,approach,False,False,12,123,"{""high_innovation"": 123}"
arm5_distal_heavy,push_to_zone,severe,35001,capability_compiled,False,False,0.3333333333333333,0.22644700327063597,0.22644700327063597,0.0001112885698019389,720,231,0,True,stage_timeout,2ebd5a46a509772b,0.6862627184268906,0.27710419669770764,45.18909832409085,0,0,0,0,False,False,31,16,15,0,0.0,0.0,0,0.0,0.0,nan,nan,0,0,77,48,23,0,0,1,0,0,0,0.1934933944695457,0.7808280374318053,2.0,0,0,0,0,0,0,0,threshold_0.2,0.2,contact,False,False,195,36,"{""high_innovation"": 36}"
arm5_distal_heavy,push_to_zone,severe,35002,capability_compiled,False,False,0.6666666666666666,0.13314827514793626,0.13314827514793626,0.010384752634926886,720,529,0,True,stage_timeout,2ebd5a46a509772b,0.8579498289471985,0.2785316877109219,48.36183358128703,0,0,0,0,True,False,46,11,35,330,0.0,0.9515151515151515,13,0.055611219496146724,0.3247817770101638,0.27860059290423167,0.858168252603102,0,0,44,48,10,1,0,0,0,0,0,0.45783798654130303,0.720540458874976,4.0,0,0,0,0,0,0,0,threshold_0.2,0.2,push,False,False,496,33,"{""high_innovation"": 33}"
arm5_distal_heavy,push_to_zone,severe,35003,capability_compiled,False,False,0.3333333333333333,0.21558433828474377,0.21558433828474377,0.009345964710801156,720,235,0,True,stage_timeout,2ebd5a46a509772b,0.8559952107827766,0.294406184242327,45.53996824949245,0,0,0,0,False,False,55,22,33,0,0.0,0.0,0,0.0,0.0,nan,nan,0,0,55,70,25,0,0,1,0,0,0,0.4142382541040962,0.7313728175068234,2.0,0,0,0,0,0,0,0,threshold_0.2,0.2,contact,False,False,197,38,"{""high_innovation"": 38}"
arm5_distal_heavy,push_to_zone,severe,35004,capability_compiled,False,False,0.6666666666666666,0.15723122127911032,0.15723122127911032,0.02347430961841313,720,549,0,True,stage_timeout,2ebd5a46a509772b,0.8347390353220465,0.2753960618769909,49.28571808156594,0,0,0,0,True,False,57,16,41,330,0.0,0.9424242424242424,16,0.042665243412843806,0.3106946354312724,0.2755106612146663,0.8353877129453178,0,0,49,69,17,1,0,0,0,0,0,0.43349001287452416,0.7181533340479757,3.0,0,0,0,0,0,0,0,threshold_0.2,0.2,push,False,False,509,40,"{""high_innovation"": 40}"
arm5_distal_heavy,push_to_zone,severe,35005,capability_compiled,False,False,0.3333333333333333,0.24393674346055175,0.24393674346055175,9.054253504252531e-05,720,233,0,True,stage_timeout,2ebd5a46a509772b,0.8230348556561529,0.29345085284909633,50.48565820160686,0,0,0,0,False,False,31,13,18,0,0.0,0.0,0,0.0,0.0,nan,nan,0,0,61,64,26,0,0,1,0,0,0,0.34124112713025934,1.1293753648804175,2.0,0,0,0,0,0,0,0,threshold_0.2,0.2,contact,False,False,188,45,"{""high_innovation"": 45}"
arm5_distal_heavy,push_to_zone,severe,35006,capability_compiled,False,False,0.3333333333333333,0.21017026809634223,0.21017026809634223,0.0006124048971955897,720,228,0,True,stage_timeout,2ebd5a46a509772b,0.907729638626797,0.29749276116606294,50.006201133214866,0,0,0,0,False,False,48,26,22,0,0.0,0.0,0,0.0,0.0,nan,nan,0,0,66,59,18,0,0,1,0,0,0,0.32772170000402545,0.568775844008497,3.0,0,0,0,0,0,0,0,threshold_0.2,0.2,contact,False,False,189,39,"{""high_innovation"": 39}"
arm5_distal_heavy,push_to_zone,severe,35007,capability_compiled,False,False,0.6666666666666666,0.1654393289559206,0.1654393289559206,0.00964032719159004,720,552,0,True,stage_timeout,2ebd5a46a509772b,0.6821330115705493,0.2637277510680735,46.079629229711365,0,0,0,0,True,False,48,14,34,330,0.0,0.9575757575757575,10,0.03732977985322625,0.2620067891705337,0.2638179432037257,0.6825775132080669,0,0,55,62,18,1,0,0,0,0,0,0.20382971866110214,0.5355920781512962,2.0,0,0,0,0,0,0,0,threshold_0.2,0.2,push,False,False,518,34,"{""high_innovation"": 34}"
arm5_distal_heavy,push_to_zone,severe,35008,capability_compiled,False,False,0.3333333333333333,0.21192116751976828,0.21192116751976828,0.0002762725606716337,720,234,0,True,stage_timeout,2ebd5a46a509772b,0.6509456853288289,0.27397807274435515,45.85218562683221,0,0,0,0,False,False,46,20,26,0,0.0,0.0,0,0.0,0.0,nan,nan,0,0,55,70,20,0,0,1,0,0,0,0.2091461067189382,0.5255511824799577,3.0,0,0,0,0,0,0,0,threshold_0.2,0.2,contact,False,False,201,33,"{""high_innovation"": 33}"
arm5_weak_actuator,push_to_zone,severe,35001,capability_compiled,False,False,0.3333333333333333,0.3231448897837736,0.3231448897837736,2.160177192792758e-07,720,248,0,True,stage_timeout,2ebd5a46a509772b,0.19765192464749104,0.2522583978315429,52.826666860474376,0,0,0,0,False,False,15,2,13,0,0.0,0.0,0,0.0,0.0,nan,nan,0,0,67,58,16,0,0,1,0,0,0,0.5349635855047804,1.6238743867025707,3.0,0,0,0,0,0,0,0,threshold_0.2,0.2,contact,False,False,154,94,"{""high_innovation"": 94}"
arm5_weak_actuator,push_to_zone,severe,35002,capability_compiled,False,False,0.3333333333333333,0.2671766723729685,0.2671766723729685,1.0453435422105897e-05,720,257,0,True,stage_timeout,2ebd5a46a509772b,0.4128480125174723,0.25131934958401425,63.68428075753277,0,0,0,0,False,False,24,9,15,0,0.0,0.0,0,0.0,0.0,nan,nan,0,0,59,66,20,0,0,1,0,0,0,0.3799870738787008,1.4462746900515502,3.0,0,0,0,0,0,0,0,threshold_0.2,0.2,contact,False,False,185,72,"{""high_innovation"": 72}"
arm5_weak_actuator,push_to_zone,severe,35003,capability_compiled,False,False,0.3333333333333333,0.28220686965882724,0.28220686965882724,7.124327198047669e-07,720,245,0,True,stage_timeout,2ebd5a46a509772b,0.4028518139673305,0.26393777313695743,65.20488325723724,0,0,0,0,False,False,10,2,8,0,0.0,0.0,0,0.0,0.0,nan,nan,0,0,119,6,3,0,0,1,0,0,0,0.048485737968239226,1.7756646163030112,2.0,0,0,0,0,0,0,0,threshold_0.2,0.2,contact,False,False,165,80,"{""high_innovation"": 80}"
arm5_weak_actuator,push_to_zone,severe,35004,capability_compiled,False,False,0.3333333333333333,0.3892787945118635,0.3892787945118635,0.07727708274474844,720,260,0,True,stage_timeout,2ebd5a46a509772b,0.3900642005025543,0.2510439525392395,62.08714410845006,0,0,0,0,False,False,17,1,16,0,0.0,0.0,0,0.0,0.0,nan,nan,0,0,43,82,20,0,0,1,0,0,0,0.6176763579148025,1.4336594679570358,4.0,0,0,0,0,0,0,0,threshold_0.2,0.2,contact,False,False,144,116,"{""high_innovation"": 116}"
arm5_weak_actuator,push_to_zone,severe,35005,capability_compiled,False,False,0.3333333333333333,0.30516873155531277,0.30516873155531277,1.3804441038483447e-06,720,247,0,True,stage_timeout,2ebd5a46a509772b,0.26068281099186974,0.2566561659552297,61.59040969095817,0,0,0,0,False,False,18,3,15,0,0.0,0.0,0,0.0,0.0,nan,nan,0,0,65,60,15,0,0,1,0,0,0,0.16031874376544614,1.131031611773122,4.0,0,0,0,0,0,0,0,threshold_0.2,0.2,contact,False,False,156,91,"{""high_innovation"": 91}"
arm5_weak_actuator,push_to_zone,severe,35006,capability_compiled,False,False,0.3333333333333333,0.21722787418064654,0.21722787418064654,7.615844562764433e-08,720,245,0,True,stage_timeout,2ebd5a46a509772b,0.3753940813257217,0.23276403294802026,70.35470851312283,0,0,0,0,False,False,27,11,16,0,0.0,0.0,0,0.0,0.0,nan,nan,0,0,90,35,12,0,0,1,0,0,0,0.2998756223943604,0.7219357127441584,3.0,0,0,0,0,0,0,0,threshold_0.2,0.2,contact,False,False,177,68,"{""high_innovation"": 68}"
arm5_weak_actuator,push_to_zone,severe,35007,capability_compiled,False,False,0.3333333333333333,0.44309816270211616,0.44309816270211616,0.04523605665257512,720,255,0,True,stage_timeout,2ebd5a46a509772b,0.2135322068595671,0.23089709053204782,66.22097132643962,0,0,0,0,False,False,16,3,13,0,0.0,0.0,0,0.0,0.0,nan,nan,0,0,54,71,18,0,0,1,0,0,0,0.5437594538001296,1.9980362256361388,4.0,0,0,0,0,0,0,0,threshold_0.2,0.2,contact,False,False,142,113,"{""high_innovation"": 113}"
arm5_weak_actuator,push_to_zone,severe,35008,capability_compiled,False,False,0.3333333333333333,0.3378612304280752,0.3378612304280752,6.524481331560909e-05,720,237,0,True,stage_timeout,2ebd5a46a509772b,0.2502246697121384,0.26878849381843983,62.593417927089575,0,0,0,0,False,False,16,4,12,0,0.0,0.0,0,0.0,0.0,nan,nan,0,0,57,68,19,0,0,1,0,0,0,0.6390912983294065,1.6793897727289722,4.0,0,0,0,0,0,0,0,threshold_0.2,0.2,contact,False,False,141,96,"{""high_innovation"": 96}"
arm5_posture_shifted,push_to_zone,severe,35001,capability_compiled,False,False,0.0,0.2406723708047349,0.2406723708047349,0.18743056949123993,720,135,0,True,stage_timeout,2ebd5a46a509772b,0.7180170621469983,0.2816382590886604,136.6915240229893,0,0,0,0,False,False,0,0,0,0,0.0,0.0,0,0.0,0.0,nan,nan,0,0,0,0,0,0,0,0,0,0,0,0.0,0.0,0.0,0,0,0,0,0,0,0,threshold_0.2,0.2,approach,False,False,17,118,"{""high_innovation"": 118}"
arm5_posture_shifted,push_to_zone,severe,35002,capability_compiled,False,False,0.0,0.2253503570606733,0.2253503570606733,2.9974112211429956e-08,720,135,0,True,stage_timeout,2ebd5a46a509772b,0.7742382567241255,0.2883348350942516,144.5932918323226,0,0,0,0,False,False,0,0,0,0,0.0,0.0,0,0.0,0.0,nan,nan,0,0,0,0,0,0,0,0,0,0,0,0.0,0.0,0.0,0,0,0,0,0,0,0,threshold_0.2,0.2,approach,False,False,10,125,"{""high_innovation"": 125}"
arm5_posture_shifted,push_to_zone,severe,35003,capability_compiled,False,False,0.0,0.2174422654382098,0.2174422654382098,0.11364789869112464,720,135,0,True,stage_timeout,2ebd5a46a509772b,0.7875007860294625,0.28915120008546596,139.4036799574207,0,0,0,0,False,False,0,0,0,0,0.0,0.0,0,0.0,0.0,nan,nan,0,0,0,0,0,0,0,0,0,0,0,0.0,0.0,0.0,0,0,0,0,0,0,0,threshold_0.2,0.2,approach,False,False,8,127,"{""high_innovation"": 127}"
arm5_posture_shifted,push_to_zone,severe,35004,capability_compiled,False,False,0.0,0.21857179569613377,0.21857179569613377,2.448681737412293e-08,720,135,0,True,stage_timeout,2ebd5a46a509772b,0.7565934718065908,0.28250349831661703,135.67280699300036,0,0,0,0,False,False,0,0,0,0,0.0,0.0,0,0.0,0.0,nan,nan,0,0,0,0,0,0,0,0,0,0,0,0.0,0.0,0.0,0,0,0,0,0,0,0,threshold_0.2,0.2,approach,False,False,11,124,"{""high_innovation"": 124}"
arm5_posture_shifted,push_to_zone,severe,35005,capability_compiled,False,False,0.0,0.2234701049366342,0.2234701049366342,1.449418621253734e-08,720,135,0,True,stage_timeout,2ebd5a46a509772b,0.7410712760003024,0.28531438964902606,144.59152127949034,0,0,0,0,False,False,0,0,0,0,0.0,0.0,0,0.0,0.0,nan,nan,0,0,0,0,0,0,0,0,0,0,0,0.0,0.0,0.0,0,0,0,0,0,0,0,threshold_0.2,0.2,approach,False,False,12,123,"{""high_innovation"": 123}"
arm5_posture_shifted,push_to_zone,severe,35006,capability_compiled,False,False,0.0,0.22870428245640895,0.22870428245640895,1.3498470494822358e-07,720,135,0,True,stage_timeout,2ebd5a46a509772b,0.8098419596381006,0.29026710647071835,149.47801794664073,0,0,0,0,False,False,0,0,0,0,0.0,0.0,0,0.0,0.0,nan,nan,0,0,0,0,0,0,0,0,0,0,0,0.0,0.0,0.0,0,0,0,0,0,0,0,threshold_0.2,0.2,approach,False,False,10,125,"{""high_innovation"": 125}"
arm5_posture_shifted,push_to_zone,severe,35007,capability_compiled,False,False,0.0,0.3148779541596135,0.3148779541596135,0.1308903588018023,720,135,0,True,stage_timeout,2ebd5a46a509772b,0.7606608119194416,0.2868933170133719,136.4495810097582,0,0,0,0,False,False,0,0,0,0,0.0,0.0,0,0.0,0.0,nan,nan,0,0,0,0,0,0,0,0,0,0,0,0.0,0.0,0.0,0,0,0,0,0,0,0,threshold_0.2,0.2,approach,False,False,9,126,"{""high_innovation"": 126}"
arm5_posture_shifted,push_to_zone,severe,35008,capability_compiled,False,False,0.0,0.23944634484546276,0.23944634484546276,1.4270519574039103e-08,720,135,0,True,stage_timeout,2ebd5a46a509772b,0.6995696360748385,0.27956763868242873,135.69426912933184,0,0,0,0,False,False,0,0,0,0,0.0,0.0,0,0.0,0.0,nan,nan,0,0,0,0,0,0,0,0,0,0,0,0.0,0.0,0.0,0,0,0,0,0,0,0,threshold_0.2,0.2,approach,False,False,17,118,"{""high_innovation"": 118}"
